heroId,name,alias,title,roles,isWeekFree,attack,defense,magic,difficulty,selectAudio,banAudio,isARAMweekfree,ispermanentweekfree,changeLabel,goldPrice,couponPrice,camp,campId,keywords,,,,,,,,,,,,,,,
1,黑暗之女,THE DARK CHILD Annie,安妮,['mage'],0,2,3,10,6,https:\/\/game.gtimg.cn\/images\/lol\/act\/img\/vo\/choose\/1.ogg,https:\/\/game.gtimg.cn\/images\/lol\/act\/img\/vo\/ban\/1.ogg,0,0,无改势4800,2000,,,"安妮,黑暗之女,火女,Annie,anni,heianzhinv,huonv,an,hazn,hn",,,,,,,,,,,,,,,,
2,狂战,THE BERSERKER Olaf,奥拉B," ['tank']""",1,9,5,3,3,https:\/\/game.gtimg.cn\/images\/lol\/act\/img\/vo\/ban\/2.ogg,0,0,无改势1350,1500,,,"狂战莅吕Bkzs,alf,Olaf,kuangzhanshi,aolafu",,,,,,,,,,,,,,,,,
3,正义巨像,THE COLOSSUS Galio,"加里i""","[ 'mage']""",0,1,10,6,5,https:\/\/game.gtimg.cn\/images\/lol\/act\/img\/vo\/choose\/3.ogg,https:\/\/game.gtimg.cn\/images\/lol\/act\/img\/vo\/ban\/3.ogg,0,0,改动英雄,3150,2000,,,"正义巨像,加里iGalio,jla,zyjx,zhengyijuxiang,jialiao",,,,,,,,,,,,,,,
4,卡牌大师,THE CARD MASTER TwistedFate,崔斯牿,['mage'],0,6,2,6,9,https:\/\/game.gtimg.cn\/images\/lol\/act\/img\/vo\/ban\/4.ogg,0,0,无改势4800,3000,,,"卡牌大师,崔斯牿卡牌,TwistedFate,kp,cst,kpds,kapaidashi,cuisite,kapai",,,,,,,,,,,,,,,,,
5,德邦总管,THE SENESCHAL OF DEMACIA XinZhao,赵信,"['fighter', 'assassin']",0,8,6,3,2,https:\/\/game.gtimg.cn\/images\/lol\/act\/img\/vo\/choose\/5.ogg,https:\/\/game.gtimg.cn\/images\/lol\/act\/img\/vo\/ban\/5.ogg,0,0,无改势3150,2500,,,"德邦总管,德邦,赵信,XinZhao,db,dbzg,zx,debangzongguan,debang,zhaoxin",,,,,,,,,,,,,,,,
6,无畏战车,THE DREADNOUGHT Urgot,"厄加牿""'"," ['fighter'tank']""",0,8,5,3,8,https:\/\/game.gtimg.cn\/images\/lol\/act\/img\/vo\/choose\/6.ogg,https:\/\/game.gtimg.cn\/images\/lol\/act\/img\/vo\/ban\/6.ogg,0,0,无改势1350,1000,,,"无畏战车,厄加牿ejt,wwzc,Urgot,wuweizhanche,ejiate",,,,,,,,,,,,,,,,
7,诡术妖姬,THE DECEIVER Leblanc,"乐芙""","['assassin' 'mage']""",0,1,4,10,9,https:\/\/game.gtimg.cn\/images\/lol\/act\/img\/vo\/choose\/7.ogg,https:\/\/game.gtimg.cn\/images\/lol\/act\/img\/vo\/ban\/7.ogg,0,0,无改势4800,2500,,,"诡术妖姬,妖姬,乐芙Leblanc,lfl,yj,gsyj,guishuyaoji,yaoji,lefulan",,,,,,,,,,,,,,,,
8,猩红收割者,THE CRIMSON REAPER Vladimir,弗拉基米尿," ['mage']""",2,6,8,7,https:\/\/game.gtimg.cn\/images\/lol\/act\/img\/vo\/ban\/8.ogg,0,0,无改势3150,2500,,,"猩红收割耿吸血o弗拉基米尿fljme,xxg,xhsgz,Vladimir,xinghongshougezhe,xixiegui,fulajimier",,,,,,,,,,,,,,,,,,
9,远古恐惧,THE ANCIENT FEAR FiddleSticks,费德提克,"['mage', 'support']",0,2,3,9,9,https:\/\/game.gtimg.cn\/images\/lol\/act\/img\/vo\/choose\/9.ogg,https:\/\/game.gtimg.cn\/images\/lol\/act\/img\/vo\/ban\/9.ogg,0,0,无改势1350,2000,,,"远古恐惧,费德提克,稻草亿FiddleSticks,yuangukongju,feidetike,daocaoren,dcr,fdtk,ygkj",,,,,,,,,,,,,,,,
10,正义天使,THE RIGHTEOUS Kayle,凯尔,"['fighter', 'support']",0,6,6,7,7,https:\/\/game.gtimg.cn\/images\/lol\/act\/img\/vo\/choose\/10.ogg,https:\/\/game.gtimg.cn\/images\/lol\/act\/img\/vo\/ban\/10.ogg,0,0,改动英雄,450,1000,,,"正义天使,凯尔,天使,ts,zyts,ke,Kayle,zhengyitianshi,kaier,tianshi",,,,,,,,,,,,,,,
11,无极剑圣,THE WUJU BLADESMAN MasterYi,易," ['assassin''fighter']""",0,10,4,2,4,https:\/\/game.gtimg.cn\/images\/lol\/act\/img\/vo\/choose\/11.ogg,https:\/\/game.gtimg.cn\/images\/lol\/act\/img\/vo\/ban\/11.ogg,0,0,无改势450,1000,,,"无极剑圣,p剑圣,js,y,wjjs,MasterYi,wujijiansheng,yi,jiansheng",,,,,,,,,,,,,,,,
12,牛头酋长,THE MINOTAUR Alistar,阿利斯塔,"['tank', 'support']",0,6,9,5,7,https:\/\/game.gtimg.cn\/images\/lol\/act\/img\/vo\/choose\/12.ogg,https:\/\/game.gtimg.cn\/images\/lol\/act\/img\/vo\/ban\/12.ogg,0,0,无改势1350,1000,,,"阿利斯塔,牛头,牛头酋长,酋长,alisita,niutou,niutouqiuzhang,qiuzhang,Alistar,alst,nt,ntqz,qz",,,,,,,,,,,,,,,,
13,符文法师,THE RUNE MAGE Ryze,瑞兹,"['mage', 'fighter']",1,2,2,10,7,https:\/\/game.gtimg.cn\/images\/lol\/act\/img\/vo\/choose\/13.ogg,https:\/\/game.gtimg.cn\/images\/lol\/act\/img\/vo\/ban\/13.ogg,0,0,无改势450,1000,,,"符文法师,瑞兹,Ryze,光头,rz,fwfs,gt,fuwenfashi,ruizi,guangtou",,,,,,,,,,,,,,,,
14,亡灵战神,THE UNDEAD JUGGERNAUT Sion,赛恩,"['tank', 'fighter']",0,5,9,3,5,https:\/\/game.gtimg.cn\/images\/lol\/act\/img\/vo\/choose\/14.ogg,https:\/\/game.gtimg.cn\/images\/lol\/act\/img\/vo\/ban\/14.ogg,0,0,无改势1350,2000,,,"亡灵战神,塞恩,赛恩,se,wlzs,Sion,wanglingzhanshen,saien",,,,,,,,,,,,,,,,
15,战争女神,THE BATTLE MISTRESS Sivir,希维尿,['marksman'],0,9,3,1,4,https:\/\/game.gtimg.cn\/images\/lol\/act\/img\/vo\/ban\/15.ogg,0,0,无改势450,1000,,,"战争女神,轮子希维尿lzm,xwe,zzns,Sivir,zhanzhengnvshen,lunzima,xiweier",,,,,,,,,,,,,,,,,
16,众星之子,THE STARCHILD Soraka,"索拉卿"""," ['support''mage']""",0,2,5,7,3,https:\/\/game.gtimg.cn\/images\/lol\/act\/img\/vo\/choose\/16.ogg,https:\/\/game.gtimg.cn\/images\/lol\/act\/img\/vo\/ban\/16.ogg,0,0,无改势450,1000,,,"众星之子,索拉卿星妈,奶妈,xm,nm,slk,zxzz,Soraka,zhongxingzhizi,suolaka,xingma,naima",,,,,,,,,,,,,,,,
17,迅捷斥,THE SWIFT SCOUT Teemo,提莫,"['marksman', 'assassin']",1,5,3,7,6,https:\/\/game.gtimg.cn\/images\/lol\/act\/img\/vo\/ban\/17.ogg,0,0,无改势6300,3500,,,"迅捷斥提莫,timo,Teemo,tm,xjch,xunjiechihou,timo",,,,,,,,,,,,,,,,,
18,麦林炮手,THE YORDLE GUNNER Tristana,崔丝塔娜,"['marksman', 'assassin']",0,9,3,5,4,https:\/\/game.gtimg.cn\/images\/lol\/act\/img\/vo\/choose\/18.ogg,https:\/\/game.gtimg.cn\/images\/lol\/act\/img\/vo\/ban\/18.ogg,0,0,无改势1350,1000,,,"麦林炮手,小炮,崔丝塔娜,xp,cstn,mlps,Tristana,mailinpaoshou,xiaopao,cuisitana",,,,,,,,,,,,,,,,
19,祖安怒兽,THE UNCAGED WRATH OF ZAUN Warwick,"沃里"""," ['fighter''tank']""",0,9,5,3,3,https:\/\/game.gtimg.cn\/images\/lol\/act\/img\/vo\/choose\/19.ogg,https:\/\/game.gtimg.cn\/images\/lol\/act\/img\/vo\/ban\/19.ogg,0,0,无改势3150,2500,,,"祖安怒兽,沃里侠侨,lr,wlk,zans,Warwick,zuannushou,wolike,langren",,,,,,,,,,,,,,,,
20,雪原双子,THE BOY AND HIS YETI Nunu,努努和威朗普,"['tank', 'fighter']",0,4,6,7,4,https:\/\/game.gtimg.cn\/images\/lol\/act\/img\/vo\/choose\/20.ogg,https:\/\/game.gtimg.cn\/images\/lol\/act\/img\/vo\/ban\/20.ogg,0,0,无改势450,1000,,,"雪原双子,努努和威朗普,努努,雪人,Nunu,nn,xr,xysz,mmhwlp,xueyuanshuangzi,nunuheweilangpu,nunu,xueren",,,,,,,,,,,,,,,,
21,赏金猎人,THE BOUNTY HUNTER MissFortune,厄运小姐,['marksman'],1,8,2,5,1,https:\/\/game.gtimg.cn\/images\/lol\/act\/img\/vo\/choose\/21.ogg,https:\/\/game.gtimg.cn\/images\/lol\/act\/img\/vo\/ban\/21.ogg,0,0,无改势3150,2500,,,"赏金猎人,赏金,厄运小姐,MF,MissFortune,sj,sjlr,eyxj,shangjinlieren,shangjin,eyunxiaojie",,,,,,,,,,,,,,,,
22,寒冰射手,THE FROST ARCHER Ashe,艾希,"['marksman', 'support']",1,7,3,2,4,https:\/\/game.gtimg.cn\/images\/lol\/act\/img\/vo\/choose\/22.ogg,https:\/\/game.gtimg.cn\/images\/lol\/act\/img\/vo\/ban\/22.ogg,0,0,无改势450,1000,,,"艾希,寒冰,爱射,艾射,冰弓,Ashe,aixi,hanbing,aishe,aishe,binggong,ax,hb,as,bg",,,,,,,,,,,,,,,,
23,蛮族之王,THE BARBARIAN KING Tryndamere,泰达米尔,"['fighter', 'assassin']",0,10,5,2,5,https:\/\/game.gtimg.cn\/images\/lol\/act\/img\/vo\/choose\/23.ogg,https:\/\/game.gtimg.cn\/images\/lol\/act\/img\/vo\/ban\/23.ogg,0,0,无改势4800,3500,,,"蛮族之王,蛮王,泰达米尔,Tryndamere,tdme,mw,mzzw,manzuzhiwang,manwang,taidamier",,,,,,,,,,,,,,,,
24,武器大师,GRANDMASTER AT ARMS Jax,"贾克""","['fighter' 'assassin']""",0,7,5,7,5,https:\/\/game.gtimg.cn\/images\/lol\/act\/img\/vo\/choose\/24.ogg,https:\/\/game.gtimg.cn\/images\/lol\/act\/img\/vo\/ban\/24.ogg,0,0,无改势3150,2500,,,"武器大师,贾克逦淦,Jax,wq,jks,wqds,wuqidashi,jiakesi,wuqi",,,,,,,,,,,,,,,,
25,堕落天使,THE FALLEN Morgana,莫甘娜,"['mage' 'support']""",0,1,6,8,1,https:\/\/game.gtimg.cn\/images\/lol\/act\/img\/vo\/choose\/25.ogg,https:\/\/game.gtimg.cn\/images\/lol\/act\/img\/vo\/ban\/25.ogg,0,0,无改势1350,2000,,,"堕落天使,莫甘MGN,dlts,Morgana,duoluotianshi,moganna",,,,,,,,,,,,,,,,
26,时光守护者,THE CHRONOKEEPER Zilean,基兰,"['support', 'mage']",0,2,5,8,6,https:\/\/game.gtimg.cn\/images\/lol\/act\/img\/vo\/ban\/26.ogg,0,0,无改势450,1000,,,"时光守护耿基兰,Zilean,jl,sgshz,时光老人,时光老头,shiguangshouhuzhe,jilan,shiguanglaoren,shiguanglaotou",,,,,,,,,,,,,,,,,
27,炼金术士,THE MAD CHEMIST Singed,"辛吉""","['tank' 'fighter']""",0,4,8,7,5,https:\/\/game.gtimg.cn\/images\/lol\/act\/img\/vo\/choose\/27.ogg,https:\/\/game.gtimg.cn\/images\/lol\/act\/img\/vo\/ban\/27.ogg,0,0,无改势1350,2000,,,"炼金术士,辛吉芰督,lj,xjd,ljss,Singed,lianjinshushi,xinjide,lianjin",,,,,,,,,,,,,,,,
28,痛苦之拥,AGONY'S EMBRACE Evelynn,"伊芙q""","['assassin' 'mage']""",1,4,2,7,10,https:\/\/game.gtimg.cn\/images\/lol\/act\/img\/vo\/choose\/28.ogg,https:\/\/game.gtimg.cn\/images\/lol\/act\/img\/vo\/ban\/28.ogg,0,0,无改势1350,2000,,,"痛苦之拥,伊芙q寡妇,Evelynn,tongkuzhiyong,yifulin,guafu,gf,tkzy,yfl",,,,,,,,,,,,,,,,
29,瘟疫之源,THE PLAGUE RAT Twitch,图奇,"['marksman', 'assassin']",0,9,2,3,6,https:\/\/game.gtimg.cn\/images\/lol\/act\/img\/vo\/choose\/29.ogg,https:\/\/game.gtimg.cn\/images\/lol\/act\/img\/vo\/ban\/29.ogg,0,0,无改势4800,3000,,,"瘟疫之源,图奇,老鼠,Twitch,ls,tq,wyzy,wenyizhiyuan,tuqi,laoshu",,,,,,,,,,,,,,,,
30,死亡颂唱耿,THE DEATHSINGER Karthus,卡尔萨斯,['mage'],0,2,2,10,7,https:\/\/game.gtimg.cn\/images\/lol\/act\/img\/vo\/ban\/30.ogg,0,0,无改势4800,3000,,,"死亡颂唱耿卡尔萨斯,死歌,Karthus,sg,kess,swscz,siwangsongchangzhe,kaersasi,sige",,,,,,,,,,,,,,,,,
31,虚空恐惧,THE TERROR OF THE VOID Chogath,"科加""","['tank' 'mage']""",0,3,7,7,5,https:\/\/game.gtimg.cn\/images\/lol\/act\/img\/vo\/choose\/31.ogg,https:\/\/game.gtimg.cn\/images\/lol\/act\/img\/vo\/ban\/31.ogg,0,0,无改势3150,1500,,,"虚空恐惧,科加宕蟪\虫子,Chogath,xukongkongju,kejiasi,dachongzi,chongzi,xkkj,kjs,dcz,cz",,,,,,,,,,,,,,,,
32,殇之木乃,THE SAD MUMMY Amumu,阿木c,"['tank' 'mage']""",0,2,6,8,3,https:\/\/game.gtimg.cn\/images\/lol\/act\/img\/vo\/ban\/32.ogg,0,0,无改势1350,2000,,,"阿木c木乃史滞,殇之木乃誓灸,伤之木乃amumu,munaiyi,fentou,shangzhimunaiyi,amm,szmny,mny,ft,mm,mumu",,,,,,,,,,,,,,,,,
33,披甲龙龟,THE ARMORDILLO Rammus,"拉莫""","['tank' 'fighter']""",1,4,10,5,5,https:\/\/game.gtimg.cn\/images\/lol\/act\/img\/vo\/choose\/33.ogg,https:\/\/game.gtimg.cn\/images\/lol\/act\/img\/vo\/ban\/33.ogg,0,0,无改势3150,2500,,,"披甲龙龟,拉莫辶龟,lg,pjlg,lms,Rammus,pijialonggui,lamosi,longgui",,,,,,,,,,,,,,,,
34,冰晶凤凰,THE CRYOPHOENIX Anivia,艾尼维亚,"['mage', 'support']",1,1,4,10,10,https:\/\/game.gtimg.cn\/images\/lol\/act\/img\/vo\/choose\/34.ogg,https:\/\/game.gtimg.cn\/images\/lol\/act\/img\/vo\/ban\/34.ogg,0,0,无改势4800,3500,,,"凤凰,冰晶凤凰,艾尼维亚,Anivia,fenghuang,bingjingfenghuang,ainiweiya,anwy,bjfh,fh",,,,,,,,,,,,,,,,
35,恶魔小丑,THE DEMON JESTER Shaco,萨科,['assassin'],1,8,4,6,9,https:\/\/game.gtimg.cn\/images\/lol\/act\/img\/vo\/choose\/35.ogg,https:\/\/game.gtimg.cn\/images\/lol\/act\/img\/vo\/ban\/35.ogg,0,0,无改势4800,2000,,,"恶魔小丑,小丑,沙扣,沙口,萨科,xc,emxc,sk,emoxiaochou,xiaochou,sake,Shaco",,,,,,,,,,,,,,,,
36,祖安狂人,THE MADMAN OF ZAUN DrMundo,蒙多医生,"['fighter', 'tank']",0,5,7,6,5,https:\/\/game.gtimg.cn\/images\/lol\/act\/img\/vo\/choose\/36.ogg,https:\/\/game.gtimg.cn\/images\/lol\/act\/img\/vo\/ban\/36.ogg,0,0,无改势1350,2000,,,"祖安狂人,蒙多医生,蒙多,DrMundo,zuankuangren,mengduoyisheng,mengduo,md,mdys,zakr",,,,,,,,,,,,,,,,
37,琴瑟仙女,MAVEN OF THE STRINGS Sona,娑娜,"['support', 'mage']",0,5,2,8,4,https:\/\/game.gtimg.cn\/images\/lol\/act\/img\/vo\/choose\/37.ogg,https:\/\/game.gtimg.cn\/images\/lol\/act\/img\/vo\/ban\/37.ogg,0,0,无改势3150,2500,,,"琴瑟仙女,琴女,娑娜,sn,qn,qsxn,Sona,qinsexiannv,qinnv,suona",,,,,,,,,,,,,,,,
38,虚空行耿,THE VOID WALKER Kassadin,卡萨丿," ['assassin''mage']""",0,3,5,8,8,https:\/\/game.gtimg.cn\/images\/lol\/act\/img\/vo\/ban\/38.ogg,0,0,无改势3150,2500,,,"虚空行耿卡萨丿ksd,xkxz,Kassadin,xukongxingzhe,kasading",,,,,,,,,,,,,,,,,
39,刀锋舞耿,THE BLADE DANCER Irelia,艾瑞莉娅,['assassin' 'fighter'],0,7,4,5,5,https:\/\/game.gtimg.cn\/images\/lol\/act\/img\/vo\/ban\/39.ogg,0,0,无改势6300,4000,,,"刀锋舞耿艾瑞莉娅,女刀,女刀锿Irelia,nd,ndf,dfwz,arly,daofengwuzhe,airuiliya,nvdao,nvdaofeng",,,,,,,,,,,,,,,,,
40,风暴之怿,THE STORM'S FURY Janna,迦娜,"['support', 'mage']",0,3,5,7,7,https:\/\/game.gtimg.cn\/images\/lol\/act\/img\/vo\/ban\/40.ogg,0,0,无改势1350,2000,,,"风暴之怿迦娜,风女,fn,jn,fbzn,Janna,fengbaozhinu,jiana,fengnv",,,,,,,,,,,,,,,,,
41,海洋之灾,THE SALTWATER SCOURGE Gangplank,普朗,['fighter'],1,7,6,4,9,https:\/\/game.gtimg.cn\/images\/lol\/act\/img\/vo\/ban\/41.ogg,0,0,无改势3150,2500,,,"海洋之灾,普朗洗长,plk,cz,hyzz,Gangplank,haiyangzhizai,pulangke,chuanzhang",,,,,,,,,,,,,,,,,
42,英勇投弹承,THE DARING BOMBARDIER Corki,库奇,['marksman'],0,8,3,6,6,https:\/\/game.gtimg.cn\/images\/lol\/act\/img\/vo\/ban\/42.ogg,0,0,无改势6300,3500,,,"英勇投弹承库奇,飞机,Corki,yingyongtoudanshou,kuqi,feiji,fj,kq,yytds",,,,,,,,,,,,,,,,,
43,天启耿,THE ENLIGHTENED ONE Karma,"卡尔x""","['mage' 'support']""",0,1,7,8,5,https:\/\/game.gtimg.cn\/images\/lol\/act\/img\/vo\/ban\/43.ogg,0,0,无改势3150,2500,,,"天启耿卡尔x扇子Karma,szm,kem,tqz,tianqizhe,kaerma,shanzima",,,,,,,,,,,,,,,,,
44,瓦洛兰之a,THE SHIELD OF VALORAN Taric,"塔里""","['support' 'fighter']""",0,4,8,5,3,https:\/\/game.gtimg.cn\/images\/lol\/act\/img\/vo\/ban\/44.ogg,0,0,无改势3150,1500,,,"瓦洛兰之a塔里媳κ,bs,tlk,wllzd,Taric,waluolanzhidun,talike,baoshi",,,,,,,,,,,,,,,,,
45,邪恶小法,THE TINY MASTER OF EVIL Veigar,维迦,['mage'],0,2,2,10,7,https:\/\/game.gtimg.cn\/images\/lol\/act\/img\/vo\/ban\/45.ogg,0,0,无改势1350,2000,,,"邪恶小法小法维迦,xfs,xexfs,wj,Veigar,xieexiaofashi,xiaofashi,weijia",,,,,,,,,,,,,,,,,
48,巨魔之王,THE TROLL KING Trundle,特朗德尔,"['fighter', 'tank']",0,7,6,2,5,https:\/\/game.gtimg.cn\/images\/lol\/act\/img\/vo\/choose\/48.ogg,https:\/\/game.gtimg.cn\/images\/lol\/act\/img\/vo\/ban\/48.ogg,0,0,无改势3150,2500,,,"巨魔之王,巨魔,特朗德尔,Trundle,jm,jmzw,tlde,jumozhiwang,jumo,telangdeer",,,,,,,,,,,,,,,,
50,诺克萨斯统领,THE NOXIAN GRAND GENERAL Swain,"斯维囿""","['mage' 'fighter']""",0,2,6,9,8,https:\/\/game.gtimg.cn\/images\/lol\/act\/img\/vo\/choose\/50.ogg,https:\/\/game.gtimg.cn\/images\/lol\/act\/img\/vo\/ban\/50.ogg,0,0,无改势4800,3000,,,"诺克萨斯统领,乌鸦,斯维囿swy,wy,nksstl,Swain,nuokesasitongling,wuya,siweiyin",,,,,,,,,,,,,,,,
51,皮城女警,THE SHERIFF OF PILTOVER Caitlyn,凯特q,['marksman'],0,0,8,2,2,https:\/\/game.gtimg.cn\/images\/lol\/act\/img\/vo\/ban\/51.ogg,0,0,无改势6300,3000,,,"皮城女警,凯特q女警,皮城,Caitlyn,pichengnvjing,kaitelin,nvjing,picheng,pc,nj,pcnj,ctl",,,,,,,,,,,,,,,,,
53,蒸汽机器亿,THE GREAT STEAM GOLEM Blitzcrank,"布里A"""," ['tank' 'fighter' 'support']""",0,4,8,5,4,https:\/\/game.gtimg.cn\/images\/lol\/act\/img\/vo\/choose\/53.ogg,https:\/\/game.gtimg.cn\/images\/lol\/act\/img\/vo\/ban\/53.ogg,0,0,无改势3150,2500,,,"蒸汽机器亿布里A机器亿Blitzcrank,zhengqijiqiren,bulici,jiqiren,zqjqr,jqr,blc",,,,,,,,,,,,,,,,
54,熔岩巨兽,SHARD OF THE MONOLITH Malphite,"墨菲牿""","['tank' 'fighter']""",0,5,9,7,2,https:\/\/game.gtimg.cn\/images\/lol\/act\/img\/vo\/choose\/54.ogg,https:\/\/game.gtimg.cn\/images\/lol\/act\/img\/vo\/ban\/54.ogg,0,0,无改势1350,1000,,,"熔岩巨兽,墨菲牿石头亿Malphite,str,mft,ryjs,rongyanjushou,mofeite,shitouren",,,,,,,,,,,,,,,,
55,不祥之刃,THE SINISTER BLADE Katarina,卡特琳娜,"['assassin', 'mage']",0,4,3,9,8,https:\/\/game.gtimg.cn\/images\/lol\/act\/img\/vo\/choose\/55.ogg,https:\/\/game.gtimg.cn\/images\/lol\/act\/img\/vo\/ban\/55.ogg,0,0,无改势3150,2500,,,"不祥之刃,卡特琳娜,卡特,kt,ktln,bxzr,不详,bx,Katarina,buxiangzhiren,katelinna,kate,buxiang",,,,,,,,,,,,,,,,
56,永恒梦魇,THE ETERNAL NIGHTMARE Nocturne,魔腾,"['assassin', 'fighter']",0,9,5,2,4,https:\/\/game.gtimg.cn\/images\/lol\/act\/img\/vo\/choose\/56.ogg,https:\/\/game.gtimg.cn\/images\/lol\/act\/img\/vo\/ban\/56.ogg,0,0,无改势4800,3000,,,"永恒梦魇,魔腾,noc,Nocturne,梦魇,my,yhmy,mt,yonghengmengyan,moteng,mengyan",,,,,,,,,,,,,,,,
57,扭曲树精,THE TWISTED TREANT Maokai,茂凯,"['tank', 'mage']",0,3,8,6,3,https:\/\/game.gtimg.cn\/images\/lol\/act\/img\/vo\/choose\/57.ogg,https:\/\/game.gtimg.cn\/images\/lol\/act\/img\/vo\/ban\/57.ogg,0,0,无改势4800,3000,,,"扭曲树精,茂凯,大树,ds,mk,nqsj,Maokai,niuqushujing,maokai,dashu",,,,,,,,,,,,,,,,
58,荒漠屠夫,THE BUTCHER OF THE SANDS Renekton,"雷克顿""","['fighter' 'tank']""",0,8,5,2,3,https:\/\/game.gtimg.cn\/images\/lol\/act\/img\/vo\/choose\/58.ogg,https:\/\/game.gtimg.cn\/images\/lol\/act\/img\/vo\/ban\/58.ogg,0,0,无改势4800,3000,,,"荒漠屠夫,鳄鱼,雷克顿ey,lkd,mmtf,huangmotufu,eyu,leikedun",,,,,,,,,,,,,,,,
59,德玛西亚皇子,THE EXEMPLAR OF DEMACIA JarvanIV,嘉文四世,"['tank', 'fighter']",0,6,8,3,5,https:\/\/game.gtimg.cn\/images\/lol\/act\/img\/vo\/choose\/59.ogg,https:\/\/game.gtimg.cn\/images\/lol\/act\/img\/vo\/ban\/59.ogg,0,0,无改势4800,3000,,,"德玛西亚皇子,嘉文四世,皇子,嘉文,JarvanIV,jw,hz,dmxyhz,jwss,demaxiyahuangzi,jiawensishi,huangzi,jiawen",,,,,,,,,,,,,,,,
60,蜘蛛女皇,THE SPIDER QUEEN Elise,"伊莉丿""","['mage' 'fighter']""",0,6,5,7,9,https:\/\/game.gtimg.cn\/images\/lol\/act\/img\/vo\/choose\/60.ogg,https:\/\/game.gtimg.cn\/images\/lol\/act\/img\/vo\/ban\/60.ogg,0,0,无改势4800,3000,,,"蜘蛛女皇,伊莉丿蜘蛛,Elise,zz,zznh,yls,zhizhunvhuang,yilisi,zhizhu",,,,,,,,,,,,,,,,
61,发条魔灵,THE LADY OF CLOCKWORK Orianna,奥莉安娜,"['mage', 'support']",1,4,3,9,7,https:\/\/game.gtimg.cn\/images\/lol\/act\/img\/vo\/choose\/61.ogg,https:\/\/game.gtimg.cn\/images\/lol\/act\/img\/vo\/ban\/61.ogg,0,0,无改势6300,3000,,,"发条魔灵,奥莉安娜,发条,Orianna,ftml,ft,alan,fatiaomoling,aolianna,fatiao",,,,,,,,,,,,,,,,
62,齐天大圣,THE MONKEY KING Wukong,"孙悟穿""","['fighter' 'tank']""",0,8,5,2,3,https:\/\/game.gtimg.cn\/images\/lol\/act\/img\/vo\/choose\/62.ogg,https:\/\/game.gtimg.cn\/images\/lol\/act\/img\/vo\/ban\/62.ogg,0,0,无改势6300,4500,,,"齐天大圣,孙悟穿MonkeyKing,猴子,hz,qtds,swk,qitiandasheng,sunwukong,houzi",,,,,,,,,,,,,,,,
63,复仇焰魂,THE BURNING VENGEANCE Brand,布兰,['mage'],0,2,2,9,4,https:\/\/game.gtimg.cn\/images\/lol\/act\/img\/vo\/ban\/63.ogg,0,0,无改势4800,2000,,,"复仇焰魂,布兰芑鹉,Brand,fuchouyanhun,bulande,huonan,cfyh,bld,hn",,,,,,,,,,,,,,,,,
64,盲僧,THE BLIND MONK LeeSin,李青,"['fighter', 'assassin']",0,8,5,3,6,https:\/\/game.gtimg.cn\/images\/lol\/act\/img\/vo\/choose\/64.ogg,https:\/\/game.gtimg.cn\/images\/lol\/act\/img\/vo\/ban\/64.ogg,0,0,改动英雄,4800,3000,,,"盲僧,瞎子,李青,lq,xz,ms,LeeSin,mangseng,xiazi,liqing",,,,,,,,,,,,,,,
67,暗夜猎手,THE NIGHT HUNTER Vayne,薇恩,"['marksman', 'assassin']",0,10,1,1,8,https:\/\/game.gtimg.cn\/images\/lol\/act\/img\/vo\/choose\/67.ogg,https:\/\/game.gtimg.cn\/images\/lol\/act\/img\/vo\/ban\/67.ogg,0,0,无改势4800,3000,,,"暗夜猎手,薇恩,vn,Vayne,ve,ayls,anyelieshou,weien",,,,,,,,,,,,,,,,
68,机械公敌,THE MECHANIZED MENACE Rumble,兰博,"['fighter', 'mage']",0,3,6,8,10,https:\/\/game.gtimg.cn\/images\/lol\/act\/img\/vo\/choose\/68.ogg,https:\/\/game.gtimg.cn\/images\/lol\/act\/img\/vo\/ban\/68.ogg,0,0,改动英雄,4800,3000,,,"机械公敌,兰博,Rumble,lb,jxgd,jixiegongdi,lanbo",,,,,,,,,,,,,,,
69,魔蛇之拥,THE SERPENT'S EMBRACE Cassiopeia,卡西奥佩,['mage'],1,2,3,9,10,https:\/\/game.gtimg.cn\/images\/lol\/act\/img\/vo\/ban\/69.ogg,0,0,无改势4800,3500,,,"魔蛇之拥,卡西奥佩闵吲,Cassiopeia,moshezhiyong,kaxiaopeiya,shenv,mszy,kxapy,sn",,,,,,,,,,,,,,,,,
72,水晶先锋,THE CRYSTAL VANGUARD Skarner,"斯卡线""","['fighter' 'tank']""",0,7,6,5,5,https:\/\/game.gtimg.cn\/images\/lol\/act\/img\/vo\/choose\/72.ogg,https:\/\/game.gtimg.cn\/images\/lol\/act\/img\/vo\/ban\/72.ogg,0,0,无改势3150,2500,,,"水晶先锋,斯卡线skn,sjxf,蝎子,xz,Skarner,shuijingxianfeng,sikana,xiezi",,,,,,,,,,,,,,,,
74,大发明家,THE REVERED INVENTOR Heimerdinger,黑默丁格,"['mage', 'support']",0,2,6,8,8,https:\/\/game.gtimg.cn\/images\/lol\/act\/img\/vo\/choose\/74.ogg,https:\/\/game.gtimg.cn\/images\/lol\/act\/img\/vo\/ban\/74.ogg,0,0,无改势3150,2500,,,"大发明家,黑默丁格,大头,Heimerdinger,dt,dfmj,hmdg,dafamingjia,heimodingge,datou",,,,,,,,,,,,,,,,
75,沙漠死神,THE CURATOR OF THE SANDS Nasus,"内瑟""","['fighter' 'tank']""",0,7,5,6,6,https:\/\/game.gtimg.cn\/images\/lol\/act\/img\/vo\/choose\/75.ogg,https:\/\/game.gtimg.cn\/images\/lol\/act\/img\/vo\/ban\/75.ogg,0,0,无改势3150,2500,,,"沙漠死神,内瑟骞吠,gt,nss,smss,Nasus,shamosishen,neisesi,goutou",,,,,,,,,,,,,,,,
76,狂野女猎承,THE BESTIAL HUNTRESS Nidalee,"奈德丿""","['assassinn  'mage']""",0,5,4,7,8,https:\/\/game.gtimg.cn\/images\/lol\/act\/img\/vo\/ban\/76.ogg,0,0,无改势6300,3500,,,"狂野女猎承奈德丿豹女,bn,ndl,kynls,Nidalee,kuangyenvlieshou,naideli,baonv",,,,,,,,,,,,,,,,,
77,兽灵行耿,THE SPIRIT WALKER Udyr,"乌迪尿""","['fighter'  'tank']""",0,8,7,4,7,https:\/\/game.gtimg.cn\/images\/lol\/act\/img\/vo\/ban\/77.ogg,0,0,无改势3150,2500,,,"兽灵行耿乌迪尿Udyr,wde,slxz,UD,shoulingxingzhe,wudier",,,,,,,,,,,,,,,,,
78,圣锤之毅,KEEPER OF THE HAMMER Poppy,波比,"['tank', 'fighter']",0,6,7,2,6,https:\/\/game.gtimg.cn\/images\/lol\/act\/img\/vo\/choose\/78.ogg,https:\/\/game.gtimg.cn\/images\/lol\/act\/img\/vo\/ban\/78.ogg,0,0,无改势450,1000,,,"圣锤之毅,波比,bb,sczy,Poppy,shengchuizhiyi,bobi",,,,,,,,,,,,,,,,
79,酒桶,THE RABBLE ROUSER Gragas,古拉加斯,"['fighter', 'mage']",1,4,7,6,5,https:\/\/game.gtimg.cn\/images\/lol\/act\/img\/vo\/choose\/79.ogg,https:\/\/game.gtimg.cn\/images\/lol\/act\/img\/vo\/ban\/79.ogg,0,0,无改势3150,2500,,,"酒桶,古拉加斯,啤酒亿肉蛋葱鸡,Gragas,pjr,jt,gljs,rdcj,jiutong,gulajiasi,pijiuren,roudancongji",,,,,,,,,,,,,,,,
80,不屈之枪,THE UNBREAKABLE SPEAR Pantheon,潘森,"['fighter', 'assassin']",0,9,4,3,4,https:\/\/game.gtimg.cn\/images\/lol\/act\/img\/vo\/choose\/80.ogg,https:\/\/game.gtimg.cn\/images\/lol\/act\/img\/vo\/ban\/80.ogg,0,0,无改势3150,1500,,,"不屈之枪,潘森,Pantheon,PS,bqzq,buquzhiqiang,pansen",,,,,,,,,,,,,,,,
81,探险宿,THE PRODIGAL EXPLORER Ezreal,伊泽瑞尔,"['marksman', 'mage']",0,7,2,6,7,https:\/\/game.gtimg.cn\/images\/lol\/act\/img\/vo\/ban\/81.ogg,0,0,无改势4800,3000,,,"探险宿伊泽瑞尔,ez,Ezreal,tanxianjia,yizeruier,txj,yzrr",,,,,,,,,,,,,,,,,
82,铁铠冥魂,THE IRON REVENANT Mordekaiser,莫德凯撒,['fighter'],0,4,6,7,4,https:\/\/game.gtimg.cn\/images\/lol\/act\/img\/vo\/choose\/82.ogg,https:\/\/game.gtimg.cn\/images\/lol\/act\/img\/vo\/ban\/82.ogg,0,0,无改势3150,1500,,,"铁铠冥魂,莫德凯撒,铁男,Mordekaiser,tn,mdks,tkmh,tiekaiminghun,modekaisa,tienan",,,,,,,,,,,,,,,,
83,牧魂亿,SHEPHERD OF SOULS Yorick,"约里""","['fighter' 'tank']""",0,6,6,4,6,https:\/\/game.gtimg.cn\/images\/lol\/act\/img\/vo\/ban\/83.ogg,0,0,无改势3150,2500,,,"牧魂亿约里暇蚰挂jmr,mhr,ylk,Yorick,muhunren,yuelike,juemuren",,,,,,,,,,,,,,,,,
84,离群之刺,THE ROGUE ASSASSIN Akali,阿卡丿,['assassin'],0,5,3,8,7,https:\/\/game.gtimg.cn\/images\/lol\/act\/img\/vo\/ban\/84.ogg,0,0,无改势3150,2500,,,"阿卡丿离群之刺,akali,liqunzhici,akl,lqzc",,,,,,,,,,,,,,,,,
85,狂暴之心,THE HEART OF THE TEMPEST Kennen,凯南,"['mage', 'marksman']",0,6,4,7,4,https:\/\/game.gtimg.cn\/images\/lol\/act\/img\/vo\/choose\/85.ogg,https:\/\/game.gtimg.cn\/images\/lol\/act\/img\/vo\/ban\/85.ogg,0,0,改动英雄,4800,2500,,,"狂暴之心,凯南,kn,kbzx,Kennen,kuangbaozhixin,kainan",,,,,,,,,,,,,,,
86,德玛西亚之力, THE MIGHT OF DEMACIA Garen,盖伦,"['fighter', 'tank']",1,7,7,1,5,https:\/\/game.gtimg.cn\/images\/lol\/act\/img\/vo\/choose\/86.ogg,https:\/\/game.gtimg.cn\/images\/lol\/act\/img\/vo\/ban\/86.ogg,0,0,无改势3150,1000,,,"德玛西亚之力,盖伦,大宝剿Garen,dbj,gl,dmxyzl,demaxiyazhili,gailun,dabaojian",,,,,,,,,,,,,,,,
89,曙光女神,THE RADIANT DAWN Leona,"蕾欧""","['tank' 'support']""",0,4,8,3,4,https:\/\/game.gtimg.cn\/images\/lol\/act\/img\/vo\/choose\/89.ogg,https:\/\/game.gtimg.cn\/images\/lol\/act\/img\/vo\/ban\/89.ogg,0,0,无改势4800,3000,,,"曙光女神,蕾欧闳张,曙光,女坦,nt,rn,sg,lon,sgns,shuguangnvshen,leiouna,rinv,shuguang,Leona,nvtan",,,,,,,,,,,,,,,,
90,虚空先知,THE PROPHET OF THE VOID Malzahar,玛尔扎哈,"['mage', 'assassin']",0,2,2,9,6,https:\/\/game.gtimg.cn\/images\/lol\/act\/img\/vo\/choose\/90.ogg,https:\/\/game.gtimg.cn\/images\/lol\/act\/img\/vo\/ban\/90.ogg,0,0,无改势4800,3000,,,"虚空先知,玛尔扎哈,蚂蚱,马尔扎哈,Malzahar,mz,mezh,xkxz,xukongxianzhi,maerzhaha,mazha,maerzhaha",,,,,,,,,,,,,,,,
91,刀锋之,THE BLADE'S SHADOW Talon,泰隆,['assassin'],0,9,3,1,7,https:\/\/game.gtimg.cn\/images\/lol\/act\/img\/vo\/ban\/91.ogg,0,0,改动英雄,6300,4500,,,"刀锋之纺械,泰隆,tl,nd,dfzy,Talon,daofengzhiying,nandao,tailong",,,,,,,,,,,,,,,,
92,放逐之刿,THE EXILE Riven,锐雯,"['fighter', 'assassin']",0,8,5,1,8,https:\/\/game.gtimg.cn\/images\/lol\/act\/img\/vo\/ban\/92.ogg,0,0,改动英雄,6300,4500,,,"放逐之刿锐雯,Riven,rw,fzzr,fangzhuzhiren,ruiwen",,,,,,,,,,,,,,,,
96,深渊巨口,THE MOUTH OF THE ABYSS KogMaw,"克格""","['marksman' 'mage']""",0,8,2,5,6,https:\/\/game.gtimg.cn\/images\/lol\/act\/img\/vo\/choose\/96.ogg,https:\/\/game.gtimg.cn\/images\/lol\/act\/img\/vo\/ban\/96.ogg,0,0,无改势4800,2000,,,"深渊巨口,克格大嘴,KogMaw,dz,kgm,syjk,shenyuanjukou,kegemo,dazui",,,,,,,,,,,,,,,,
98,暮光之眼,THE EYE OF TWILIGHT Shen,k,['tank'],0,3,9,3,4,https:\/\/game.gtimg.cn\/images\/lol\/act\/img\/vo\/ban\/98.ogg,0,0,无改势1350,2000,,,"暮光之眼,kyaozi,s,mgzy,Shen,muguangzhiyan,shen",,,,,,,,,,,,,,,,,
99,光辉女郎,THE LADY OF LUMINOSITY Lux,"拉克丿""","['mage' 'support']""",0,2,4,9,5,https:\/\/game.gtimg.cn\/images\/lol\/act\/img\/vo\/choose\/99.ogg,https:\/\/game.gtimg.cn\/images\/lol\/act\/img\/vo\/ban\/99.ogg,0,0,改动英雄,3150,2500,,,"光辉女郎,拉克丿光辉,lux,lks,gh,ghnl,guanghuinvlang,lakesi,guanghui",,,,,,,,,,,,,,,
101,远古巫灵,THE MAGUS ASCENDANT Xerath,泽拉,['mage'],0,1,3,10,8,https:\/\/game.gtimg.cn\/images\/lol\/act\/img\/vo\/ban\/101.ogg,0,0,无改势4800,2500,,,"远古巫灵,泽拉guancaiban,gbc,zls,ygwl,Xerath,yuanguwuling,zelasi",,,,,,,,,,,,,,,,,
102,龙血武姬,THE HALF-DRAGON Shyvana,"希瓦"""," ['fighter' 'tank']""",0,8,6,3,4,https:\/\/game.gtimg.cn\/images\/lol\/act\/img\/vo\/choose\/102.ogg,https:\/\/game.gtimg.cn\/images\/lol\/act\/img\/vo\/ban\/102.ogg,0,0,无改势4800,3500,,,"龙血武姬,龙女,希瓦ln,xwn,lxwj,Shyvana,longxuewuji,longnv,xiwana",,,,,,,,,,,,,,,,
103,九尾妖狐,THE NINE-TAILED FOX Ahri,阿狸,"['mage', 'assassin']",0,3,4,8,5,https:\/\/game.gtimg.cn\/images\/lol\/act\/img\/vo\/choose\/103.ogg,https:\/\/game.gtimg.cn\/images\/lol\/act\/img\/vo\/ban\/103.ogg,0,0,无改势6300,3500,,,"九尾,九尾妖狐,狐狸,阿狸,jiuwei,jiuweiyaohu,huli,ali,ahri,jwyh,al,hl,jw",,,,,,,,,,,,,,,,
104,法外狂徒,THE OUTLAW Graves,格雷福斯,['marksman'],0,8,5,3,3,https:\/\/game.gtimg.cn\/images\/lol\/act\/img\/vo\/choose\/104.ogg,https:\/\/game.gtimg.cn\/images\/lol\/act\/img\/vo\/ban\/104.ogg,0,0,无改势6300,4500,,,"法外狂徒,格雷福斯,男枪,Graves,nq,glfs,fwkt,fawaikuangtu,geleifusi,nanqiang",,,,,,,,,,,,,,,,
105,潮汐海灵,THE TIDAL TRICKSTER Fizz,菲兹,"['assassin', 'fighter']",0,6,4,7,6,https:\/\/game.gtimg.cn\/images\/lol\/act\/img\/vo\/choose\/105.ogg,https:\/\/game.gtimg.cn\/images\/lol\/act\/img\/vo\/ban\/105.ogg,0,0,无改势6300,4500,,,"潮汐海灵,菲兹,小鱼亿Fizz,fz,xyr,cxhl,chaoxihailing,feizi,xiaoyuren",,,,,,,,,,,,,,,,
106,不灭狂雷,THE RELENTLESS STORM Volibear,沃利贝尔,"['fighter', 'tank']",0,7,7,4,3,https:\/\/game.gtimg.cn\/images\/lol\/act\/img\/vo\/choose\/106.ogg,https:\/\/game.gtimg.cn\/images\/lol\/act\/img\/vo\/ban\/106.ogg,0,0,无改势4800,3500,,,"不灭狂雷,沃利贝尔,Volibear,狗熊,gx,wlbe,bmkl,bumiekuanglei,wolibeier,gouxiong",,,,,,,,,,,,,,,,
107,傲之追猎耿,THE PRIDESTALKER Rengar,雷恩加尔,"['assassin', 'fighter']",0,7,4,2,8,https:\/\/game.gtimg.cn\/images\/lol\/act\/img\/vo\/ban\/107.ogg,0,0,无改势6300,4500,,,"傲之追猎耿狮子P雷恩加尔,szg,leje,azzlz,Rengar,aozhizhuiliezhe,shizigou,leienjiaer",,,,,,,,,,,,,,,,,
110,惩戒之箭,THE ARROW OF RETRIBUTION Varus,"韦鲁""","['marksman' 'mage']""",0,7,3,4,2,https:\/\/game.gtimg.cn\/images\/lol\/act\/img\/vo\/choose\/110.ogg,https:\/\/game.gtimg.cn\/images\/lol\/act\/img\/vo\/ban\/110.ogg,0,0,无改势4800,3500,,,"惩戒之箭,韦鲁逦鲁wls,cjzj,Varus,chengjiezhijian,weilusi",,,,,,,,,,,,,,,,
111,深海泰坦,THE TITAN OF THE DEPTHS Nautilus,诺提勒斯,"['tank', 'fighter']",1,4,6,6,6,https:\/\/game.gtimg.cn\/images\/lol\/act\/img\/vo\/choose\/111.ogg,https:\/\/game.gtimg.cn\/images\/lol\/act\/img\/vo\/ban\/111.ogg,0,0,无改势4800,3500,,,"深海泰坦,诺提勒斯,泰坦,Nautilus,tt,ntls,shtt,shenhaitaitan,nuotileisi,taitan",,,,,,,,,,,,,,,,
112,机械先驱,THE MACHINE HERALD Viktor,维克承,['mage'],0,2,4,10,9,https:\/\/game.gtimg.cn\/images\/lol\/act\/img\/vo\/ban\/112.ogg,0,0,无改势4800,2500,,,"机械先驱,维克承三只承szs,wkt,jxxq,Viktor,jixiexianqu,weiketuo,sanzhishou",,,,,,,,,,,,,,,,,
113,北地之怿,FURY OF THE NORTH Sejuani,瑟庄,"['tank' 'fighter']""",0,5,7,6,4,https:\/\/game.gtimg.cn\/images\/lol\/act\/img\/vo\/ban\/113.ogg,0,0,无改势4800,3500,,,"北地之怿猪妹,瑟庄zm,szn,bdzn,Sejuani,beidizhinu,zhumei,sezhuangni",,,,,,,,,,,,,,,,,
114,无双剑姬,THE GRAND DUELIST Fiora,"菲奥""","['fighter' 'assassin']""",0,10,4,2,3,https:\/\/game.gtimg.cn\/images\/lol\/act\/img\/vo\/choose\/114.ogg,https:\/\/game.gtimg.cn\/images\/lol\/act\/img\/vo\/ban\/114.ogg,0,0,无改势6300,4500,,,"无双剑姬,菲奥憬＜,Fiora,jj,wsjj,fan,wushuangjianji,feiaona,jianji",,,,,,,,,,,,,,,,
115,爆破鬼才,THE HEXPLOSIVES EXPERT Ziggs,吉格,['mage'],0,2,4,9,4,https:\/\/game.gtimg.cn\/images\/lol\/act\/img\/vo\/ban\/115.ogg,0,0,无改势6300,4500,,,"爆破鬼才,炸弹亿吉格Ziggs,jgs,zdr,bpgc,baopoguicai,zhadanren,jigesi",,,,,,,,,,,,,,,,,
117,仙灵女巫,THE FAE SORCERESS Lulu,璐璐,"['support', 'mage']",0,4,5,7,5,https:\/\/game.gtimg.cn\/images\/lol\/act\/img\/vo\/choose\/117.ogg,https:\/\/game.gtimg.cn\/images\/lol\/act\/img\/vo\/ban\/117.ogg,0,0,无改势4800,3500,,,"仙灵女巫,璐璐,ll,xlnw,Lulu,xianlingnvwu,lulu",,,,,,,,,,,,,,,,
119,荣耀行刑宿,THE GLORIOUS EXECUTIONER Draven,德莱,['marksman'],0,9,3,1,8,0,0,无改势6300,4500,,,"荣耀行刑宿德莱Draven,rongyaoxingxingguan,delaiwen,ryxxg,dlw",,,,,,,,,,,,,,,,,,
120,战争之影,THE SHADOW OF WAR Hecarim,赫卡里姆,"['fighter', 'tank']",1,8,6,4,6,https:\/\/game.gtimg.cn\/images\/lol\/act\/img\/vo\/choose\/120.ogg,https:\/\/game.gtimg.cn\/images\/lol\/act\/img\/vo\/ban\/120.ogg,0,0,无改势4800,3500,,,"战争之影,赫卡里姆,人马,Hecarim,rm,zzzy,hlkm,zhanzhengzhiying,hekalimu,renma",,,,,,,,,,,,,,,,
121,虚空掠夺耿,THE VOIDREAVER KhaZix,卡兹,['assassin'],0,9,4,3,6,0,0,无改势6300,4500,,,"虚空掠夺耿螳螂,卡兹kzk,tl,xkldz,Khazix,xukonglueduozhe,tanglang,kazike",,,,,,,,,,,,,,,,,,
122,诺克萨斯之手,THE HAND OF NOXUS Darius,德莱厄斯,"['fighter', 'tank']",0,9,5,1,2,https:\/\/game.gtimg.cn\/images\/lol\/act\/img\/vo\/choose\/122.ogg,https:\/\/game.gtimg.cn\/images\/lol\/act\/img\/vo\/ban\/122.ogg,0,0,无改势6300,4500,,,"诺克萨斯之手,德莱厄斯,诺手,Darius,nuokesasizhishou,delaiesi,nuoshou,nksszs,ns,dles",,,,,,,,,,,,,,,,
126,未来守护耿,THE DEFENDER OF TOMORROW Jayce,杰斯,"['fighter', 'marksman']",0,8,4,3,7,https:\/\/game.gtimg.cn\/images\/lol\/act\/img\/vo\/ban\/126.ogg,0,0,无改势4800,3500,,,"未来守护耿杰斯,Jayce,js,wlshz,weilaishouhuzhe,jiesi",,,,,,,,,,,,,,,,,
127,冰霜女巫,THE ICE WITCH Lissandra,丽桑卿,['mage'],0,2,5,8,6,https:\/\/game.gtimg.cn\/images\/lol\/act\/img\/vo\/ban\/127.ogg,0,0,无改势6300,3000,,,"冰霜女巫,冰女,丽桑卿Lissandra,bn,lsz,bsnw,bingshuangnvwu,bingnv,lisangzhuo",,,,,,,,,,,,,,,,,
131,皎月女神,SCORN OF THE MOON Diana,"黛安""","['fighter' 'mage']""",0,7,6,8,4,https:\/\/game.gtimg.cn\/images\/lol\/act\/img\/vo\/choose\/131.ogg,https:\/\/game.gtimg.cn\/images\/lol\/act\/img\/vo\/ban\/131.ogg,0,0,无改势6300,4500,,,"皎月女神,黛安沭ㄔ,Diana,jiaoyuenvshen,daianna,jiaoyue,jy,dan,jyns",,,,,,,,,,,,,,,,
133,德玛西亚之翼,DEMACIA'S WINGS Quinn,奎因,"['marksman', 'assassin']",0,9,4,2,5,https:\/\/game.gtimg.cn\/images\/lol\/act\/img\/vo\/choose\/133.ogg,https:\/\/game.gtimg.cn\/images\/lol\/act\/img\/vo\/ban\/133.ogg,0,0,无改势6300,4500,,,"德玛西亚之翼,奎因,鸟人,ky,dmxyzz,Quinn,nr,demaxiyazhiyi,kuiyin,niaoren",,,,,,,,,,,,,,,,
134,暗黑元首,THE DARK SOVEREIGN Syndra,"辛德拿""","['mage' 'support']""",0,2,3,9,8,https:\/\/game.gtimg.cn\/images\/lol\/act\/img\/vo\/choose\/134.ogg,https:\/\/game.gtimg.cn\/images\/lol\/act\/img\/vo\/ban\/134.ogg,0,0,无改势6300,4500,,,"暗黑元首,球女,辛德拿qn,xdl,ahyy,Syndra,anheiyuanshou,qiunv,xindela",,,,,,,,,,,,,,,,
136,铸星龙王,THE WEAPON OF THE FAITHFUL Aphelios,奥瑞利安索尔,['mage'],0,2,3,8,7,https:\/\/game.gtimg.cn\/images\/lol\/act\/img\/vo\/choose\/136.ogg,https:\/\/game.gtimg.cn\/images\/lol\/act\/img\/vo\/ban\/136.ogg,0,0,无改势6300,4500,,,"铸星龙王,奥瑞利安索尔,索尔,龙王,AurelionSol,zhuxinglongwang,aoruiliansuoer,suoer,longwang,zxlw,lw,se,arlasr",,,,,,,,,,,,,,,,
141,影流之镰,THE SHADOW REAPER Kayn,凯隐,"['fighter', 'assassin']",0,10,6,1,8,https:\/\/game.gtimg.cn\/images\/lol\/act\/img\/vo\/choose\/141.ogg,https:\/\/game.gtimg.cn\/images\/lol\/act\/img\/vo\/ban\/141.ogg,0,0,无改势6300,4500,,,"影流之镰,凯隐,ky,ylzl,Kayn,yingliuzhilian,kaiyin",,,,,,,,,,,,,,,,
142,暮光星灵,THE ASPECT OF TWILIGHT Zoe,佐伊,"['mage', 'support']",1,1,7,8,5,https:\/\/game.gtimg.cn\/images\/lol\/act\/img\/vo\/choose\/142.ogg,https:\/\/game.gtimg.cn\/images\/lol\/act\/img\/vo\/ban\/142.ogg,0,0,无改势6300,4500,,,"暮光星灵,佐伊,zy,mgxl,Zoe,muguangxingling,zuoyi",,,,,,,,,,,,,,,,
143,荆棘之兴,RISE OF THE THORNS Zyra,婕拉,"['mage', 'support']",0,4,3,8,7,https:\/\/game.gtimg.cn\/images\/lol\/act\/img\/vo\/choose\/143.ogg,https:\/\/game.gtimg.cn\/images\/lol\/act\/img\/vo\/ban\/143.ogg,0,0,改动英雄,4800,3500,,,"荆棘之兴,婕拉,jl,jjzx,Zyra,jingjizhixing,jiela",,,,,,,,,,,,,,,
145,虚空之女,DAUGHTER OF THE VOID Kaisa,卡莎,['marksman'],0,8,5,3,6,https:\/\/game.gtimg.cn\/images\/lol\/act\/img\/vo\/choose\/145.ogg,https:\/\/game.gtimg.cn\/images\/lol\/act\/img\/vo\/ban\/145.ogg,0,0,无改势6300,4500,,,"虚空之女,卡莎,ks,xkzn,Kaisa,xukongzhinv,kasha",,,,,,,,,,,,,,,,
147,星籁歌姬,THE STARRY-EYED SONGSTRESS Seraphine,萨勒芬妮,"['mage', 'support']",0,0,0,0,0,https:\/\/game.gtimg.cn\/images\/lol\/act\/img\/vo\/choose\/147.ogg,https:\/\/game.gtimg.cn\/images\/lol\/act\/img\/vo\/ban\/147.ogg,0,0,无改势6300,4500,,,"萨勒芬妮,星籁歌姬,Seraphine,saleifenni,xinglaigeji",,,,,,,,,,,,,,,,
150,迷失之牙,THE MISSING LINK Gnar,纳尔,"['fighter', 'tank']",0,6,5,5,8,https:\/\/game.gtimg.cn\/images\/lol\/act\/img\/vo\/choose\/150.ogg,https:\/\/game.gtimg.cn\/images\/lol\/act\/img\/vo\/ban\/150.ogg,0,0,无改势6300,4500,,,"迷失之牙,纳尔,Gnar,ne,mszy,mishizhiya,naer",,,,,,,,,,,,,,,,
154,生化魔人,THE SECRET WEAPON Zac,扎克,"['tank', 'fighter']",0,3,7,7,8,https:\/\/game.gtimg.cn\/images\/lol\/act\/img\/vo\/choose\/154.ogg,https:\/\/game.gtimg.cn\/images\/lol\/act\/img\/vo\/ban\/154.ogg,0,0,无改势4800,3000,,,"生化魔人,扎克,Zac,shenghuamoren,zhake,zk,shmr",,,,,,,,,,,,,,,,
157,疾风剑豪,THE UNFORGIVEN Yasuo,亚索,"['fighter', 'assassin']",0,8,4,4,10,https:\/\/game.gtimg.cn\/images\/lol\/act\/img\/vo\/choose\/157.ogg,https:\/\/game.gtimg.cn\/images\/lol\/act\/img\/vo\/ban\/157.ogg,0,0,无改势6300,4500,,,"疾风剑豪,剑豪,亚索,Yasuo,ys,jh,jfjh,jifengjianhao,jianhao,yasuo",,,,,,,,,,,,,,,,
161,虚空之眼,THE EYE OF THE VOID Velkoz,维克,['mage'],0,2,2,10,8,https:\/\/game.gtimg.cn\/images\/lol\/act\/img\/vo\/ban\/161.ogg,0,0,无改势6300,4500,,,"虚空之眼,大眼,维克wkz,dy,xkzy,Velkoz,xukongzhiyan,dayan,weikezi",,,,,,,,,,,,,,,,,
163,岩雀,THE STONEWEAVER Taliyah,"塔莉""","['mage' 'support']""",0,1,7,8,5,https:\/\/game.gtimg.cn\/images\/lol\/act\/img\/vo\/choose\/163.ogg,https:\/\/game.gtimg.cn\/images\/lol\/act\/img\/vo\/ban\/163.ogg,0,0,无改势6300,4500,,,"岩雀,小鸟,塔莉tly,xn,yq,Taliyah,yanque,xiaoniao,taliya",,,,,,,,,,,,,,,,
164,青钢,THE STEEL SHADOW Camille,"卡蜜尿""","['fighter' 'tank']""",0,8,6,3,4,https:\/\/game.gtimg.cn\/images\/lol\/act\/img\/vo\/ban\/164.ogg,0,0,无改势6300,4500,,,"青钢房蜜尿卡密尿Camille,腿女,qinggangying,kamier,kamier,tuinv,qgy,kme,tn",,,,,,,,,,,,,,,,,
201,弗雷尔卓德之忿,THE HEART OF THE FRELJORD Braum,布隆,"['support', 'tank']",0,3,9,4,3,https:\/\/game.gtimg.cn\/images\/lol\/act\/img\/vo\/ban\/201.ogg,0,0,无改势6300,4500,,,"弗雷尔卓德之忿布隆,bl,Braum,flezdzx,fuleierzhuodezhixin,bulong",,,,,,,,,,,,,,,,,
202,戏命,THE VIRTUOSO Jhin,"V""","['marksman'  'mage']""",0,10,2,6,6,https:\/\/game.gtimg.cn\/images\/lol\/act\/img\/vo\/ban\/202.ogg,0,0,无改势6300,4500,,,"戏命VJhin,j,xms,ximingshi,jin",,,,,,,,,,,,,,,,,
203,永猎双子,THE ETERNAL HUNTERS Kindred,千珏,['marksman'],0,8,2,2,4,https:\/\/game.gtimg.cn\/images\/lol\/act\/img\/vo\/choose\/203.ogg,https:\/\/game.gtimg.cn\/images\/lol\/act\/img\/vo\/ban\/203.ogg,0,0,无改势6300,4500,,,"永猎双子,千珏,Kindred,qj,ylsz,yonglieshuangzi,qianjue",,,,,,,,,,,,,,,,
222,暴走萝莉,THE LOOSE CANNON Jinx,金克丿,['marksman' otankn],0,9,2,4,6,https:\/\/game.gtimg.cn\/images\/lol\/act\/img\/vo\/ban\/222.ogg,0,0,改动英雄,6300,4500,,,"暴走萝莉,萝莉,金克丿Jinx,jks,ll,bzll,baozouluoli,luoli,jinkesi,金克丿
223,河流之王,TahmKench,塔姆,['support'"," 'tank']""",0,3,9,6,5,https:\/\/game.gtimg.cn\/images\/lol\/act\/img\/vo\/choose\/223.ogg,https:\/\/game.gtimg.cn\/images\/lol\/act\/img\/vo\/ban\/223.ogg,0,0,改动英雄,6300,4500,,,"河流之王,hama,塔姆,tm,hlzw,TahmKench,heliuzhiwang,tamu"
234,破败之王,THE RUINED KING Viego,佛耶戈,"['assassin', 'fighter']",0,6,4,2,5,https:\/\/game.gtimg.cn\/images\/lol\/act\/img\/vo\/choose\/234.ogg,https:\/\/game.gtimg.cn\/images\/lol\/act\/img\/vo\/ban\/234.ogg,0,0,无改势6300,4500,,,,,,,,,,,,,,,,,,,
235,涤魂圣枪,THE REDEEMER Senna,赛娜,"['marksman', 'support']",0,7,2,6,7,https:\/\/game.gtimg.cn\/images\/lol\/act\/img\/vo\/choose\/235.ogg,https:\/\/game.gtimg.cn\/images\/lol\/act\/img\/vo\/ban\/235.ogg,0,0,无改势6300,4500,,,"涤魂圣枪,赛娜,奶枪,Senna,nq,sn,qhsq,dihunshengqiang,saina,naiqiang",,,,,,,,,,,,,,,,
236,圣枪游侠,THE PURIFIER Lucian,卢锡宿,['marksman'],0,8,5,3,6,https:\/\/game.gtimg.cn\/images\/lol\/act\/img\/vo\/ban\/236.ogg,0,0,无改势6300,4500,,,"圣枪游侠,卢锡宿奥巴驿Lucian,abm,lxa,sqyx,shengqiangyouxia,luxian,aobama",,,,,,,,,,,,,,,,,
238,影流之主,THE MASTER OF SHADOWS Zed,势,['assassin'],0,9,2,1,7,https:\/\/game.gtimg.cn\/images\/lol\/act\/img\/vo\/ban\/238.ogg,0,0,无改势6300,4500,,,"影流之主,势j,ylzz,Zed,yingliuzhizhu,jie",,,,,,,,,,,,,,,,,
240,暴怒骑,THE CANTANKEROUS CAVALIER Kled,克烈,"['fighter', 'tank']",0,8,2,2,7,https:\/\/game.gtimg.cn\/images\/lol\/act\/img\/vo\/ban\/240.ogg,0,0,无改势6300,4500,,,"暴怒骑菘肆,kl,bnqs,baonuqishi,kelie",,,,,,,,,,,,,,,,,
245,时间刺客,THE BOY WHO SHATTERED TIME Ekko,艾克,"['assassin', 'fighter']",0,5,3,7,8,https:\/\/game.gtimg.cn\/images\/lol\/act\/img\/vo\/choose\/245.ogg,https:\/\/game.gtimg.cn\/images\/lol\/act\/img\/vo\/ban\/245.ogg,0,0,无改势6300,4500,,,"时间刺客,艾克,Ekko,shijiancike,aike,ak,sjck",,,,,,,,,,,,,,,,
246,元素女皇,EMPRESS OF THE ELEMENTS Qiyana,奇亚,"""['assassin' 'fighter']""",0,0,2,4,8,https:\/\/game.gtimg.cn\/images\/lol\/act\/img\/vo\/choose\/246.ogg,https:\/\/game.gtimg.cn\/images\/lol\/act\/img\/vo\/ban\/246.ogg,0,0,无改势6300,4500,,,"元素女皇,奇亚qyn,ysnh,Qiyana,yuansunvhuang,qiyana",,,,,,,,,,,,,,,,
254,皮城执法宿,THE PILTOVER ENFORCER Vi,l,"['fighter' 'assassin']""",0,8,5,3,4,https:\/\/game.gtimg.cn\/images\/lol\/act\/img\/vo\/ban\/254.ogg,0,0,无改势6300,4500,,,"皮城执法宿拳女,lv,qv,pczfg,Vi,pichengzhifaguan,quannv,wei",,,,,,,,,,,,,,,,,
266,暗裔剑魔,THE DARKIN BLADE Aatrox,亚托克斯,"['fighter', 'tank']",0,8,4,3,4,https:\/\/game.gtimg.cn\/images\/lol\/act\/img\/vo\/choose\/266.ogg,https:\/\/game.gtimg.cn\/images\/lol\/act\/img\/vo\/ban\/266.ogg,0,0,无改势6300,4500,,,"剑魔,亚托克斯,暗裔剑魔,jianmo,yatuokesi,anyijianmo,Aatrox,jm,ayjm,ytks",,,,,,,,,,,,,,,,
267,唤潮鲛姬,THE TIDECALLER Nami,娜美,"['support', 'mage']",0,4,3,7,5,https:\/\/game.gtimg.cn\/images\/lol\/act\/img\/vo\/choose\/267.ogg,https:\/\/game.gtimg.cn\/images\/lol\/act\/img\/vo\/ban\/267.ogg,0,0,无改势4800,3500,,,"唤潮鲛姬,鲛姬,娜美,nm,jj,hcjj,Nami,huanchaojiaoji,jiaoji,namei",,,,,,,,,,,,,,,,
268,沙漠皇帝,THE EMPEROR OF THE SANDS Azir,"阿兹尿"""," ['mage' 'marksman']""",0,6,3,8,9,https:\/\/game.gtimg.cn\/images\/lol\/act\/img\/vo\/choose\/268.ogg,https:\/\/game.gtimg.cn\/images\/lol\/act\/img\/vo\/ban\/268.ogg,0,0,无改势6300,4500,,,"沙漠皇帝,阿兹尿沙皇,Azir,shamohuangdi,azier,shahuang,smhd,aze,sh",,,,,,,,,,,,,,,,
350,魔法猫咪,THE MAGICAL CAT Yuumi,悠米,"['support', 'mage']",0,5,1,8,2,https:\/\/game.gtimg.cn\/images\/lol\/act\/img\/vo\/choose\/350.ogg,https:\/\/game.gtimg.cn\/images\/lol\/act\/img\/vo\/ban\/350.ogg,0,0,改动英雄,6300,4500,,,"魔法猫咪,猿猫咪,悠米,cat,m,mm,mfmm,ym,Yuumi,mofamaomi,mao,maomi,youmi",,,,,,,,,,,,,,,
360,沙漠玫瑰,THE DESERT ROSE Samira,莎弥拿,['marksman'],1,8,5,3,6,https:\/\/game.gtimg.cn\/images\/lol\/act\/img\/vo\/ban\/360.ogg,0,0,无改势6300,4500,,,"莎弥拿沙漠玫瑰,Samira,sml,smmg,shamila,shamomeigui",,,,,,,,,,,,,,,,,
412,魂锁典狱长,THE CHAIN WARDEN Thresh,锤石,"['support', 'fighter']",0,5,6,6,7,https:\/\/game.gtimg.cn\/images\/lol\/act\/img\/vo\/ban\/412.ogg,0,0,无改势6300,4500,,,"魂锁典狱长锤石,Thresh,cs,hsdyz,hunsuodianyuzhang,chuishi",,,,,,,,,,,,,,,,,
420,海兽祭司,THE KRAKEN PRIESTESS Illaoi,"俄洛""","['fighter' 'tank']""",1,8,6,3,4,https:\/\/game.gtimg.cn\/images\/lol\/act\/img\/vo\/choose\/420.ogg,https:\/\/game.gtimg.cn\/images\/lol\/act\/img\/vo\/ban\/420.ogg,0,0,无改势6300,4500,,,"海兽祭司,俄洛蚀ナIllaoi,csm,ely,hsjs,haishoujisi,eluoyi,chushouma",,,,,,,,,,,,,,,,
421,虚空遁地,THE VOID BURROWER RekSai,雷克v,['fighter'],0,8,5,2,3,0,0,无改势6300,4500,,,"虚空遁地贤诰c雷克d雷克vlks,wjj,xkdds,RekSai,xukongdundishou,wajueji,leikesai,leikesai",,,,,,,,,,,,,,,,,,
427,翠神,THE GREEN FATHER Ivern,艾翁,"['support', 'mage']",0,3,5,7,7,https:\/\/game.gtimg.cn\/images\/lol\/act\/img\/vo\/choose\/427.ogg,https:\/\/game.gtimg.cn\/images\/lol\/act\/img\/vo\/ban\/427.ogg,0,0,无改势6300,4500,,,"翠神,艾翁,小菊,Ivern,xj,cs,aw,cuishen,aiweng,xiaoju",,,,,,,,,,,,,,,,
429,复仇之矛,THE SPEAR OF VENGEANCE Kalista,卡莉丝塔,['marksman'],0,8,2,4,7,https:\/\/game.gtimg.cn\/images\/lol\/act\/img\/vo\/choose\/429.ogg,https:\/\/game.gtimg.cn\/images\/lol\/act\/img\/vo\/ban\/429.ogg,0,0,无改势6300,4500,,,"复仇之矛,卡莉丝塔,Kalista,fczm,klst,fuchouzhimao,kalisita",,,,,,,,,,,,,,,,
432,星界游神,THE WANDERING CARETAKER Bard,巴德,"['support', 'mage']",0,4,4,5,9,https:\/\/game.gtimg.cn\/images\/lol\/act\/img\/vo\/choose\/432.ogg,https:\/\/game.gtimg.cn\/images\/lol\/act\/img\/vo\/ban\/432.ogg,0,0,改动英雄,6300,4500,,,"星界游神,巴德,Bard,xingjieyoushen,bade,xjys,bd",,,,,,,,,,,,,,,
497,幻翎,THE CHARMER Rakan,,['support'],0,4,2,8,5,https:\/\/game.gtimg.cn\/images\/lol\/act\/img\/vo\/ban\/497.ogg,0,0,无改势6300,4500,,,"幻翎,l,hl,Rakan,huanling,luo",,,,,,,,,,,,,,,,,
498,逆羽,THE REBEL Xayah,W,['marksman'],0,10,6,1,5,https:\/\/game.gtimg.cn\/images\/lol\/act\/img\/vo\/ban\/498.ogg,0,0,改动英雄,6300,4500,,,"逆羽,Wx,ny,Xayah,niyu,xia",,,,,,,,,,,,,,,,
516,山隐之焰,THE FIRE BELOW THE MOUNTAIN Ornn,奥恩,"['tank', 'fighter']",0,5,9,3,5,https:\/\/game.gtimg.cn\/images\/lol\/act\/img\/vo\/choose\/516.ogg,https:\/\/game.gtimg.cn\/images\/lol\/act\/img\/vo\/ban\/516.ogg,0,0,无改势6300,4500,,,"山隐之焰,奥恩,Ornn,an,syzy,shanyinzhiyan,aoen",,,,,,,,,,,,,,,,
517,解脱耿,THE UNSHACKLED Sylas,塞拉,"['mage' 'assassin']""",0,3,4,8,5,https:\/\/game.gtimg.cn\/images\/lol\/act\/img\/vo\/ban\/517.ogg,0,0,无改势6300,4500,,,"解脱耿塞拉sls,suannan,sn,jtz,Sylas,jietuozhe,sailasi",,,,,,,,,,,,,,,,,
518,万花通灵,THE CURIOUS CHAMELEON Neeko,妮蔻,"['mage', 'support']",0,1,1,9,5,https:\/\/game.gtimg.cn\/images\/lol\/act\/img\/vo\/choose\/518.ogg,https:\/\/game.gtimg.cn\/images\/lol\/act\/img\/vo\/ban\/518.ogg,0,0,无改势6300,4500,,,"万花通灵,妮蔻,neeko,nk,whtl,wanhuatongling,nikou",,,,,,,,,,,,,,,,
523,残月之肃,THE WEAPON OF THE FAITHFUL Aphelios,厄斐琉斯,['marksman'],0,6,2,1,10,https:\/\/game.gtimg.cn\/images\/lol\/act\/img\/vo\/choose\/523.ogg,https:\/\/game.gtimg.cn\/images\/lol\/act\/img\/vo\/ban\/523.ogg,0,0,改动英雄,6300,4500,,,"残月之肃,厄斐琉斯,Aphelios,efls,cyzs,canyuezhisu,efeiliusi",,,,,,,,,,,,,,,
526,F铁少女,THE IRON MAIDEN Rell,芮尔,"['tank', 'support']",1,0,0,0,0,https:\/\/game.gtimg.cn\/images\/lol\/act\/img\/vo\/choose\/526.ogg,https:\/\/game.gtimg.cn\/images\/lol\/act\/img\/vo\/ban\/526.ogg,0,0,无改势7800,4500,,,,,,,,,,,,,,,,,,,
555,血港鬼,THE BLOODHARBOR RIPPER Pyke,派克,"['support', 'assassin']",0,9,3,1,7,https:\/\/game.gtimg.cn\/images\/lol\/act\/img\/vo\/ban\/555.ogg,0,0,无改势6300,4500,,,"血港鬼放煽,pk,xggy,Pyke,xuegangguiying,paike",,,,,,,,,,,,,,,,,
777,封魔剑魂,THE UNFORGOTTEN Yone,永恩,"['assassin', 'fighter']",0,8,4,4,8,https:\/\/game.gtimg.cn\/images\/lol\/act\/img\/vo\/choose\/777.ogg,https:\/\/game.gtimg.cn\/images\/lol\/act\/img\/vo\/ban\/777.ogg,0,0,无改势6300,4500,,,"永恩,封魔剑魂,ye,fmjh,Yone,yongen,fengmojianhun",,,,,,,,,,,,,,,,
875,腕豪,THE BOSS Sett,瑟提,"['fighter', 'tank']",0,8,5,1,2,https:\/\/game.gtimg.cn\/images\/lol\/act\/img\/vo\/choose\/875.ogg,https:\/\/game.gtimg.cn\/images\/lol\/act\/img\/vo\/ban\/875.ogg,0,0,无改势6300,4500,,,"腕豪,瑟提,jinfu,jf,Sett,st,wh,wanhao,seti",,,,,,,,,,,,,,,,
876,含羞蓓蕾,THE BASHFUL BLOOM Lillia,莉莉,"""['fighter' 'mage']""",0,0,2,10,8,https:\/\/game.gtimg.cn\/images\/lol\/act\/img\/vo\/choose\/876.ogg,https:\/\/game.gtimg.cn\/images\/lol\/act\/img\/vo\/ban\/876.ogg,0,0,无改势6300,4500,,,"含羞蓓蕾,莉莉阈÷,lly,hxbl,Lillia,hanxiubeilei,liliya,xiaolu",,,,,,,,,,,,,,,,
887,灵罗娃娃,THE HALLOWED SEAMSTRESS Gwen,格温,"['fighter', 'assassin']",0,7,4,5,5,https:\/\/game.gtimg.cn\/images\/lol\/act\/img\/vo\/choose\/887.ogg,https:\/\/game.gtimg.cn\/images\/lol\/act\/img\/vo\/ban\/887.ogg,0,0,无改势7800,4500,,,,,,,,,,,,,,,,,,,
